"15803cfbfa055724","2.0","3.0","1.0","6.0"
"157f62b709e843c6","2.0","1.0","0.0","3.0"
"157ce3fdb7cfe65c","2.0","6.0","0.0","8.0"
"158bb07a1361bd47","5.0","7.0","0.0","12.0"
"15850b1a80759048","1.0","5.0","1.0","7.0"
"15805a8c8b896de1","1.0","9.0","3.0","13.0"
"157dea5cdf6a5974","1.0","5.0","0.0","6.0"
"158b53707e3d6168","4.0","9.0","1.0","14.0"
"157f634b9d78542f","5.0","17.0","1.0","23.0"
"157ef8651a065eea","5.0","13.0","1.0","19.0"
"157c165e741252cf","1.0","3.0","0.0","4.0"
"158eb77657fd3e3b","2.0","2.0","0.0","4.0"
"158af40862e54f4f","0.0","11.0","5.0","16.0"
"157f61a67360f142","1.0","0.0","2.0","3.0"
"157cc79385baa626","0.0","8.0","0.0","8.0"
"158c1fd8dfd3acb6","2.0","1.0","1.0","4.0"
"158c023da879ed88","1.0","0.0","0.0","1.0"
"15871d76332d19f4","1.0","8.0","0.0","9.0"
"158552b18e84ab42","1.0","9.0","2.0","12.0"
"1585334be7362b8d","1.0","3.0","0.0","4.0"
"15850090cd66cd6d","4.0","3.0","0.0","7.0"
"1581c2647bd2a33f","2.0","17.0","4.0","23.0"
"157cd9eb0ff48f1a","0.0","1.0","0.0","1.0"
"157cb6243d435926","0.0","1.0","0.0","1.0"
"1585971f218c3873","0.0","1.0","0.0","1.0"
"1584ed4deb325b86","3.0","4.0","2.0","9.0"
"15842444e6822bee","1.0","2.0","0.0","3.0"
"158228c321fe7b31","1.0","3.0","0.0","4.0"
"157e9c4a2f91a0f0","1.0","7.0","1.0","9.0"
"157d31e350c7ed33","0.0","1.0","0.0","1.0"
"157cc26ed41a094d","4.0","14.0","7.0","25.0"
"1586350d4335a636","2.0","4.0","0.0","6.0"
"15860ac5cb1b99ea","4.0","33.0","0.0","37.0"
"158125e54fc2e023","1.0","9.0","1.0","11.0"
"157fe81bf22efa93","0.0","2.0","0.0","2.0"
"157f1683e80ee347","5.0","4.0","8.0","17.0"
"157de2df46b40c5f","1.0","3.0","1.0","5.0"
"157ca785efa9bee5","1.0","3.0","0.0","4.0"
"157c9e5f2323b653","1.0","2.0","0.0","3.0"
"157c3794dc4e0308","3.0","3.0","2.0","8.0"
"157c1407b7968355","0.0","3.0","0.0","3.0"
"157ba7f721360066","1.0","2.0","1.0","4.0"
"158592904f60fe9d","4.0","8.0","0.0","12.0"
"157ce6da113f585c","0.0","1.0","0.0","1.0"
"15874a1a659d0b58","2.0","3.0","1.0","6.0"
"158651017a31d70b","0.0","1.0","0.0","1.0"
"1582c569dc65132d","0.0","0.0","1.0","1.0"
"157dc5e9c8f36c78","0.0","1.0","0.0","1.0"
"157cda2255e9c4c0","1.0","9.0","3.0","13.0"
"157ca31dc0019eca","0.0","1.0","0.0","1.0"
"157c31b37fdbc666","0.0","4.0","0.0","4.0"
"157beb57ac67d077","0.0","36.0","3.0","39.0"
"157bddf03efa75c2","1.0","3.0","2.0","6.0"
"1585f4d024d42184","1.0","2.0","0.0","3.0"
"157f68442fdfa554","1.0","3.0","0.0","4.0"
"157c8f1faaaa2e5a","2.0","9.0","4.0","15.0"
"158c87dcf620ffec","1.0","2.0","0.0","3.0"
"15804d4b78fc09eb","1.0","3.0","2.0","6.0"
"157fa662e71cb3ae","0.0","1.0","0.0","1.0"
"157f25765b8cb846","1.0","4.0","3.0","8.0"
"157dab4e6d98acdd","0.0","5.0","3.0","8.0"
"157ca72f2d867001","0.0","1.0","0.0","1.0"
"157bfa4739aa05a9","1.0","2.0","0.0","3.0"
"158a354ce725da90","1.0","4.0","0.0","5.0"
"15896fc10117ce81","1.0","3.0","0.0","4.0"
"158732fbfb897f5b","7.0","11.0","1.0","19.0"
"157ccdcad86b6d3f","1.0","1.0","0.0","2.0"
"157c70288057d0cc","6.0","2.0","4.0","12.0"
"157c5e81a09ff46f","1.0","5.0","0.0","6.0"
"158d91282b189165","1.0","0.0","0.0","1.0"
"158bbdfa78e07760","1.0","0.0","0.0","1.0"
"158b0a5f59a77743","6.0","1.0","1.0","8.0"
"1586c699b4abc4ec","3.0","12.0","0.0","15.0"
"15861f0ae3100259","2.0","7.0","0.0","9.0"
"1580ac8f3070903b","1.0","2.0","1.0","4.0"
"157f4a7e368aced0","0.0","1.0","0.0","1.0"
"157c34b16b48416d","3.0","3.0","2.0","8.0"
"157c33c5ee5841ff","5.0","14.0","3.0","22.0"
"157baa728d6c3496","0.0","1.0","0.0","1.0"
"1585b511f865b7a0","1.0","6.0","2.0","9.0"
"157fd2646e7a532b","1.0","15.0","0.0","16.0"
"157de5ff86011622","2.0","11.0","8.0","21.0"
"157d6e90ca3465d0","0.0","0.0","1.0","1.0"
"157c6badcaae409e","2.0","7.0","1.0","10.0"
"157bd08f010dcdba","1.0","7.0","2.0","10.0"
"1584fc4fc1663e88","3.0","5.0","1.0","9.0"
"157e3caf2a749f71","0.0","3.0","2.0","5.0"
"157d91266157d22e","1.0","7.0","0.0","8.0"
"157c26b26a46ef7c","0.0","1.0","0.0","1.0"
"157c1dd7f438bb0a","0.0","6.0","0.0","6.0"
"157bfb08374533f5","1.0","5.0","0.0","6.0"
"1587de5cea318b43","2.0","1.0","0.0","3.0"
"1585035531ba563b","2.0","3.0","1.0","6.0"
"15806e3fe96aebb1","3.0","4.0","5.0","12.0"
"157e883ab9110a8b","1.0","5.0","2.0","8.0"
"157e1beb3c31af3a","1.0","2.0","1.0","4.0"
"157d1dc311e26adc","0.0","3.0","0.0","3.0"
"157ca48f4dba4859","2.0","2.0","0.0","4.0"
"157c31eca19265d4","1.0","3.0","0.0","4.0"
"157c20e15993c341","1.0","1.0","0.0","2.0"
"158c2b556f218784","6.0","24.0","10.0","40.0"
"157fd7ad446d046f","6.0","4.0","1.0","11.0"
"157dcf84a114d1d0","6.0","14.0","5.0","25.0"
"157cb503238f3fad","2.0","4.0","0.0","6.0"
"158519c0297fab65","1.0","2.0","0.0","3.0"
"1584a5ea4e6164a7","3.0","4.0","0.0","7.0"
"157f32c25499926f","2.0","6.0","2.0","10.0"
"157dfdcf93d4553a","2.0","3.0","0.0","5.0"
"157db7a3aa4727e2","0.0","4.0","0.0","4.0"
"157d15c8089bafbb","0.0","3.0","0.0","3.0"
"157c6ccd2828d188","0.0","1.0","0.0","1.0"
"157c620e9b3ece87","0.0","3.0","0.0","3.0"
"157c3f1cee80c5cb","0.0","1.0","0.0","1.0"
"157ba6fe2594240c","2.0","3.0","0.0","5.0"
"15897493e18112e5","3.0","1.0","0.0","4.0"
"1584a441ecf9e0dc","5.0","7.0","3.0","15.0"
"15826a50028a3c71","1.0","1.0","1.0","3.0"
"158016afc349c3a7","2.0","4.0","0.0","6.0"
"157f2815ae6d0bb9","1.0","4.0","0.0","5.0"
"157d361dab3cc412","0.0","1.0","0.0","1.0"
"157ce813e971e0b0","3.0","3.0","2.0","8.0"
"157c210eb1f6d574","0.0","0.0","1.0","1.0"
"157baa9c28aaad17","1.0","2.0","0.0","3.0"
"158462e9dd8bc979","2.0","2.0","1.0","5.0"
"157d81e111ddeaae","0.0","1.0","0.0","1.0"
"157c904474e4ea3d","1.0","1.0","0.0","2.0"
"157c6936bdc96111","1.0","5.0","1.0","7.0"
"158c0145b83c84c9","1.0","0.0","0.0","1.0"
"1584b846eebc64de","2.0","2.0","1.0","5.0"
"1580eb6c21497422","0.0","1.0","0.0","1.0"
"15801e2368d0d489","0.0","3.0","0.0","3.0"
"158000fca0450414","0.0","4.0","2.0","6.0"
"157df2bcce16dd01","2.0","4.0","1.0","7.0"
"157df065d6c8e0ef","0.0","4.0","1.0","5.0"
"157da5313eddd6d7","0.0","1.0","0.0","1.0"
"157d38dabed6bb9a","0.0","1.0","0.0","1.0"
"157d04e3c0fb6926","0.0","8.0","0.0","8.0"
"157ced0ee1c43963","2.0","5.0","1.0","8.0"
"157bffa3d41cfecc","0.0","5.0","1.0","6.0"
"15883a4a52040341","1.0","10.0","2.0","13.0"
"15845651434c1727","1.0","1.0","0.0","2.0"
"158270bcc55a1d2a","0.0","8.0","2.0","10.0"
"157e9dc21b9d7fb7","1.0","6.0","0.0","7.0"
"157e0ff748fa5f70","0.0","1.0","0.0","1.0"
"157d0875b9f94c11","8.0","9.0","0.0","17.0"
"157cdc5f8cf9e9f5","3.0","21.0","2.0","26.0"
"15893f5559aab761","2.0","2.0","0.0","4.0"
"1584ec71ebb55307","1.0","0.0","0.0","1.0"
"157f38a9e36f83a2","0.0","1.0","0.0","1.0"
"157e5821000d62a6","0.0","4.0","1.0","5.0"
"157e10a726fe18df","2.0","5.0","2.0","9.0"
"157c0e4e866d8ad8","2.0","3.0","0.0","5.0"
"157bf884cbf88f39","2.0","5.0","1.0","8.0"
"158c92e2ff8f2b71","5.0","42.0","3.0","50.0"
"158504a2495d8d74","1.0","7.0","1.0","9.0"
"1584ecfa373a2908","1.0","4.0","1.0","6.0"
"157faa85675e4c42","2.0","26.0","0.0","28.0"
"157d411150666398","4.0","2.0","1.0","7.0"
"157cafd5d88e6cf0","1.0","0.0","0.0","1.0"
"157bd7f03e4dc9f3","1.0","1.0","1.0","3.0"
"158b9586718ef27e","9.0","53.0","1.0","63.0"
"15876551fc4e3fb8","2.0","6.0","2.0","10.0"
"15855726460ed217","1.0","0.0","0.0","1.0"
"1585026738c1049e","4.0","4.0","0.0","8.0"
"15849ef2d65a37d8","2.0","2.0","0.0","4.0"
"1583f3598b2dbc50","7.0","11.0","2.0","20.0"
"157c05658709eb87","0.0","1.0","1.0","2.0"
"1584fea0b8a5f401","2.0","4.0","0.0","6.0"
"1584d29f0f0c4c1a","3.0","6.0","1.0","10.0"
"15837a330015b443","1.0","1.0","0.0","2.0"
"1581deda45c9043f","0.0","1.0","0.0","1.0"
"158015e73f32f49f","3.0","6.0","5.0","14.0"
"157d2cdedcbd4d34","4.0","4.0","3.0","11.0"
"157d1826d59f0f56","0.0","5.0","0.0","5.0"
"157bd7671c6d74bf","0.0","4.0","0.0","4.0"
"1585f06d6ab83f01","3.0","3.0","2.0","8.0"
"158533b1a827b7af","2.0","3.0","0.0","5.0"
"157edd0181714447","0.0","4.0","0.0","4.0"
"157d910f96933857","1.0","0.0","0.0","1.0"
"157d649f1650e9e8","1.0","18.0","1.0","20.0"
"157d03043b14dc6d","0.0","1.0","0.0","1.0"
"157c7b9749a25c99","4.0","11.0","0.0","15.0"
"157c76b04209e0c8","3.0","5.0","1.0","9.0"
"157bf0ba26507bf8","1.0","3.0","0.0","4.0"
"157bee700554f857","2.0","3.0","1.0","6.0"
"1589397a64e4fea4","2.0","2.0","0.0","4.0"
"157bf3b175b0c07a","0.0","1.0","0.0","1.0"
"157beda1e42aef43","8.0","36.0","5.0","49.0"
"15850aa427e14313","1.0","4.0","1.0","6.0"
"15800a78800d6317","2.0","6.0","0.0","8.0"
"157fc9d7ec8ba678","1.0","0.0","0.0","1.0"
"157ce8c1a2e07cf7","0.0","1.0","0.0","1.0"
"157c8a8a9d316a52","0.0","1.0","1.0","2.0"
"157c4f6537eedcaa","2.0","8.0","2.0","12.0"
"157c0dc826707e28","2.0","6.0","0.0","8.0"
"1587cb5687e296c6","1.0","2.0","1.0","4.0"
"1585e42c4aad9871","1.0","3.0","2.0","6.0"
"158595e8e6237930","0.0","1.0","0.0","1.0"
"1585376c4f542f91","1.0","1.0","1.0","3.0"
"157de3e6a964a876","2.0","13.0","2.0","17.0"
"157db2571a556b9b","0.0","1.0","0.0","1.0"
"157c22c376b0e25b","0.0","1.0","0.0","1.0"
"15818867221d63f3","0.0","1.0","0.0","1.0"
"157eb110dd8f3581","0.0","2.0","0.0","2.0"
"157e3a5e4b3c1c8e","1.0","2.0","1.0","4.0"
"157d63b51ed39388","0.0","3.0","0.0","3.0"
"157d3016e6cb6a97","0.0","2.0","1.0","3.0"
"157d07d00c0c77f5","1.0","1.0","0.0","2.0"
"157bf67d85a12fa5","2.0","9.0","0.0","11.0"
"157bf03581a2b9b6","0.0","1.0","0.0","1.0"
"158217435b5efc8a","4.0","33.0","4.0","41.0"
"157e6c294f65fff1","0.0","3.0","1.0","4.0"
"157c43f62a8c1b50","1.0","4.0","1.0","6.0"
"1587d0c76d6b3430","4.0","7.0","0.0","11.0"
"1580b83938e26e97","1.0","6.0","1.0","8.0"
"157e3ab0fe23ec7e","2.0","10.0","5.0","17.0"
"157d53f01870287c","0.0","2.0","0.0","2.0"
"157c5bff0abd524e","1.0","7.0","1.0","9.0"
"157c1a561e5079fd","1.0","7.0","1.0","9.0"
"1585bbb3a769f9ad","1.0","3.0","1.0","5.0"
"1584de8aa4cc95f8","5.0","1.0","1.0","7.0"
"157dd15948a84b86","0.0","6.0","1.0","7.0"
"157d751e6f3b77f5","1.0","7.0","3.0","11.0"
"157cb4f8c09dd753","0.0","2.0","0.0","2.0"
"157c1fca01a1b3d6","2.0","6.0","1.0","9.0"
"157c1c8915a33a56","0.0","3.0","1.0","4.0"
"1587cb632792fa36","1.0","5.0","1.0","7.0"
"1585e1580eca5f3b","5.0","7.0","1.0","13.0"
"1585960d08066501","0.0","1.0","0.0","1.0"
"158515cd746972f1","4.0","6.0","0.0","10.0"
"157fd910a1092df2","1.0","4.0","1.0","6.0"
"157dd68d921f0959","1.0","2.0","1.0","4.0"
"157d7782376a20f0","2.0","2.0","0.0","4.0"
"157c1adbf66182ec","1.0","6.0","1.0","8.0"
"157c07061bcaf692","0.0","1.0","0.0","1.0"
"157bfdbe2acf4770","4.0","23.0","3.0","30.0"
"15878aa4dc1ad8a6","2.0","8.0","0.0","10.0"
"1587213764b32ee9","3.0","5.0","0.0","8.0"
"15868a49b06ec220","2.0","5.0","2.0","9.0"
"158596453a075416","1.0","2.0","2.0","5.0"
"158573f38c795a39","3.0","8.0","0.0","11.0"
"1582fd38586b7a4c","4.0","3.0","0.0","7.0"
"15822413811a783a","2.0","4.0","1.0","7.0"
"157d95af6e99867c","0.0","1.0","0.0","1.0"
"157d8bb33b83ba90","1.0","4.0","0.0","5.0"
"157d227b34d050d6","2.0","4.0","4.0","10.0"
"157caf7392be6d01","0.0","1.0","1.0","2.0"
"157ca95370ceb856","1.0","6.0","3.0","10.0"
"157c452572a8ffd1","0.0","2.0","0.0","2.0"
"157c372420e8db16","3.0","3.0","1.0","7.0"
"157be8e722a791cc","2.0","7.0","1.0","10.0"
"157ba94178c30301","15.0","35.0","3.0","53.0"
"158de620ed1560df","3.0","5.0","0.0","8.0"
"15876fbe20af0a92","3.0","4.0","2.0","9.0"
"1585f82e6dddc46b","3.0","16.0","1.0","20.0"
"158454ca0d7ff533","6.0","13.0","2.0","21.0"
"15844ffe65ed43be","12.0","14.0","4.0","30.0"
"157fa5894898eeff","1.0","3.0","1.0","5.0"
"157f3e60d838a982","1.0","0.0","0.0","1.0"
"157f273ab41b5da7","1.0","2.0","1.0","4.0"
"157ea9561b10938e","6.0","11.0","1.0","18.0"
"157df99742fa7b1c","1.0","1.0","0.0","2.0"
"157cc5a99b2456aa","2.0","5.0","1.0","8.0"
"157c63c5868d58be","0.0","1.0","0.0","1.0"
"157c45f797eb51d2","2.0","2.0","1.0","5.0"
"157c398afa4909aa","0.0","1.0","0.0","1.0"
"158c9a9293b75b08","1.0","0.0","0.0","1.0"
"15863319746289a8","6.0","29.0","0.0","35.0"
"1580416e865de3e1","0.0","1.0","0.0","1.0"
"158013b7ed8655be","1.0","2.0","1.0","4.0"
"157e2142ada7decb","0.0","11.0","1.0","12.0"
"157d0f1a16761509","0.0","2.0","0.0","2.0"
"157d0f0a23a58c0b","0.0","1.0","0.0","1.0"
"157cdc6435b99b7a","1.0","4.0","2.0","7.0"
"1585385f087aa2b8","4.0","12.0","0.0","16.0"
"15827db9faa1ef40","0.0","4.0","0.0","4.0"
"157c3438cbd36a28","0.0","1.0","0.0","1.0"
"157c129c0d97c615","1.0","6.0","1.0","8.0"
"158517c51e65f1b0","1.0","7.0","0.0","8.0"
"157d8acdc5bea74c","0.0","2.0","0.0","2.0"
"157c8a554012e1d7","2.0","5.0","0.0","7.0"
"157c52f16652ea0a","2.0","0.0","0.0","2.0"
"158cf792f4da4113","2.0","11.0","2.0","15.0"
"1584a06b9c1ffafb","1.0","5.0","0.0","6.0"
"15849553e58851c3","1.0","4.0","0.0","5.0"
"158143a360d198e4","0.0","1.0","0.0","1.0"
"157de65ca7b9e52a","0.0","4.0","0.0","4.0"
"157c4e33c8bc119c","0.0","1.0","0.0","1.0"
"157c1cfedc618bb8","0.0","4.0","1.0","5.0"
"157c170cfad89c8e","1.0","2.0","0.0","3.0"
"157ba794f63a1d19","5.0","11.0","3.0","19.0"
"158745142dded8ff","3.0","7.0","0.0","10.0"
"158578ef6c6c6e6b","3.0","2.0","1.0","6.0"
"1584f00327fc961b","1.0","2.0","0.0","3.0"
"1584a536638c0320","4.0","5.0","2.0","11.0"
"158496fb3434200c","0.0","1.0","0.0","1.0"
"1584751fce789e50","3.0","31.0","1.0","35.0"
"15802381a8f8f26f","7.0","7.0","2.0","16.0"
"157ea673079e3263","0.0","1.0","0.0","1.0"
"157d9f74cb27790a","1.0","10.0","0.0","11.0"
"157d9d985019b55c","0.0","2.0","0.0","2.0"
"157d31f1776312a6","0.0","1.0","1.0","2.0"
"157d04db1094103c","0.0","2.0","0.0","2.0"
"157d023d2016dc5e","0.0","2.0","0.0","2.0"
"157c24708e996d44","3.0","3.0","5.0","11.0"
"158b24990224772d","2.0","3.0","2.0","7.0"
"1585a0be0c7504b6","2.0","4.0","1.0","7.0"
"1583fd7f752f1182","1.0","6.0","1.0","8.0"
"158040b730263a79","0.0","1.0","0.0","1.0"
"158000b969b55b11","2.0","2.0","0.0","4.0"
"157ffa7a37728655","0.0","1.0","0.0","1.0"
"157e99fdd6c3e63d","6.0","12.0","2.0","20.0"
"157d9669f261c24d","0.0","2.0","0.0","2.0"
"157c72817e871fe9","0.0","2.0","0.0","2.0"
"157c5c78942b435b","0.0","1.0","0.0","1.0"
"1586eb1c7a06a30c","0.0","1.0","0.0","1.0"
"15801604af82604a","1.0","7.0","1.0","9.0"
"157f840191fc5536","0.0","6.0","1.0","7.0"
"157f6c32a5e767fc","1.0","7.0","0.0","8.0"
"157ea6e841a0a54d","0.0","1.0","0.0","1.0"
"157cb5ebf2eb5db5","0.0","1.0","1.0","2.0"
"157c9dfd03879b65","6.0","31.0","6.0","43.0"
"157c0781d7d953ea","0.0","2.0","0.0","2.0"
"157bef7a19172b49","2.0","13.0","6.0","21.0"
"158edad92ed59263","2.0","14.0","1.0","17.0"
"15885e07f0ba15e8","2.0","2.0","0.0","4.0"
"158010f96076bfb4","1.0","2.0","0.0","3.0"
"157f93a0812f4a59","0.0","7.0","5.0","12.0"
"157d00e4d309fd40","0.0","3.0","1.0","4.0"
"157c456e9060a939","1.0","0.0","0.0","1.0"
"1585582cbfc725e4","3.0","5.0","0.0","8.0"
"15847f6f217df3b5","1.0","6.0","0.0","7.0"
"157d27f416eab144","2.0","5.0","1.0","8.0"
"158bd8e6bea02f62","1.0","4.0","3.0","8.0"
"1589cc07a67857b6","2.0","1.0","1.0","4.0"
"1584827db5d9b717","1.0","5.0","0.0","6.0"
"157d73318eb82986","1.0","0.0","0.0","1.0"
"157cf1f341285c92","1.0","5.0","0.0","6.0"
"157c9124338e4a33","0.0","1.0","0.0","1.0"
"157c87fbabeef658","0.0","1.0","3.0","4.0"
"157bd3cee975a634","1.0","4.0","2.0","7.0"
"158ba6992c889ba3","0.0","3.0","0.0","3.0"
"158b28e429ddfa9a","2.0","2.0","0.0","4.0"
"158582d33702c284","1.0","2.0","0.0","3.0"
"1584eb576e7efe76","2.0","20.0","9.0","31.0"
"157cf56da898320d","0.0","1.0","0.0","1.0"
"157ce29304948d4d","1.0","6.0","0.0","7.0"
"157c5bb2045811fd","0.0","3.0","1.0","4.0"
"157c50d0f13ad54c","0.0","5.0","0.0","5.0"
"158531113f46d3b2","2.0","2.0","1.0","5.0"
"1581c30e1a07ca0f","2.0","18.0","3.0","23.0"
"157f2eb017e12b91","2.0","2.0","2.0","6.0"
"157f163c60a5d235","2.0","3.0","0.0","5.0"
"157efaa97d7ada14","2.0","10.0","0.0","12.0"
"157c4d6a5da9db77","1.0","4.0","0.0","5.0"
"157bbd7a79a7d57d","2.0","7.0","0.0","9.0"
"158686c3a7f9fa84","2.0","13.0","3.0","18.0"
"158522fbf7fcde1b","0.0","3.0","4.0","7.0"
"1584f690000b4dcb","1.0","1.0","0.0","2.0"
"157fec55eb49d592","1.0","7.0","0.0","8.0"
"157de5be0d868014","0.0","6.0","0.0","6.0"
"157dafb7e4f815e7","2.0","3.0","0.0","5.0"
"157d21e75be52581","8.0","23.0","1.0","32.0"
"157c4b64a15a3122","2.0","6.0","0.0","8.0"
"157c4b058467f4d2","0.0","1.0","0.0","1.0"
"15880374811c5ef2","4.0","7.0","1.0","12.0"
"15871a9a4344cb4f","2.0","2.0","1.0","5.0"
"1585a40c6ef8b1d9","1.0","4.0","2.0","7.0"
"15849d5b4b67794e","0.0","1.0","0.0","1.0"
"157e4ec0afd6d119","2.0","2.0","0.0","4.0"
"157e161ac30d6a13","0.0","5.0","2.0","7.0"
"157d60f8d8525351","2.0","2.0","2.0","6.0"
"157c6c8931cf2fe1","3.0","33.0","4.0","40.0"
"157c22390ee96406","0.0","4.0","3.0","7.0"
"158bb36c9f2886fa","0.0","6.0","0.0","6.0"
"1586613b2ff79e01","1.0","5.0","0.0","6.0"
"158217226d3df499","5.0","32.0","5.0","42.0"
"158188b2a153f162","0.0","1.0","0.0","1.0"
"158142d717ec13a1","2.0","7.0","2.0","11.0"
"157fd6ef7f921745","4.0","16.0","2.0","22.0"
"157fb883e5f7ac95","0.0","5.0","0.0","5.0"
"157f86b76803083b","1.0","5.0","1.0","7.0"
"157cbe642bafbcf7","2.0","6.0","4.0","12.0"
"157c52ccfedd17ba","0.0","1.0","0.0","1.0"
"157e66e35e5b0e01","5.0","6.0","1.0","12.0"
"157d1ada44a20b9f","1.0","2.0","0.0","3.0"
"157c68ff4ba65d1b","3.0","4.0","0.0","7.0"
"157c65d2857b602a","0.0","1.0","0.0","1.0"
"157c614c27af857c","2.0","7.0","3.0","12.0"
"157bd8aca4edef2f","5.0","23.0","6.0","34.0"
"1581c1e0c14edf97","2.0","22.0","4.0","28.0"
"157f00f3235c366e","1.0","6.0","0.0","7.0"
"157ce4957d0ccf34","2.0","9.0","3.0","14.0"
"157ce0a34b97fe99","0.0","3.0","0.0","3.0"
"157c9d431ddf8990","0.0","1.0","0.0","1.0"
"158f269153c05f19","4.0","43.0","3.0","50.0"
"158c18c5fc6126aa","2.0","7.0","1.0","10.0"
"1585e67c115d9b5f","5.0","7.0","1.0","13.0"
"1585a4f56cf0671f","1.0","4.0","0.0","5.0"
"157d29aeeb9baf61","2.0","5.0","0.0","7.0"
"157c91b522f9b6e7","1.0","2.0","0.0","3.0"
"157c0a04e4fe8c4b","0.0","4.0","1.0","5.0"
"1586930db39f26ae","0.0","2.0","0.0","2.0"
"1585934d0c8c13bb","2.0","1.0","1.0","4.0"
"158496da8220a522","3.0","6.0","0.0","9.0"
"1581ceb51f354cda","1.0","1.0","0.0","2.0"
"1581bc0d5ddc48ca","0.0","2.0","0.0","2.0"
"157fa6259e5feef2","0.0","1.0","0.0","1.0"
"157de801cbe1dbc9","0.0","15.0","0.0","15.0"
"157d8f4b9d48a0ac","1.0","6.0","1.0","8.0"
"157ced7adbd02f9d","1.0","5.0","1.0","7.0"
"157cb6db84ec805f","1.0","5.0","1.0","7.0"
"157c39978f4516b2","1.0","12.0","1.0","14.0"
"1586dad03850c566","1.0","0.0","0.0","1.0"
"158471343e785d3e","1.0","5.0","0.0","6.0"
"158208b5a64ac26a","2.0","5.0","5.0","12.0"
"157d24ab9263cf49","1.0","6.0","0.0","7.0"
"157d16a1205d8308","2.0","1.0","0.0","3.0"
"157c75ead352b2a7","4.0","9.0","2.0","15.0"
"157c508fea9df984","5.0","18.0","5.0","28.0"
"157c16e4cfbeab56","1.0","6.0","0.0","7.0"
"157bd6678575fd19","2.0","6.0","0.0","8.0"
"157baa67a04d0acd","0.0","2.0","0.0","2.0"
"158b9668bfa052c4","0.0","10.0","1.0","11.0"
"158492a9da2f0f8a","0.0","4.0","1.0","5.0"
"157bc586ae30f283","2.0","5.0","0.0","7.0"
"15881cacae679fc6","1.0","17.0","2.0","20.0"
"15854ee461e2acc5","2.0","7.0","0.0","9.0"
"1583c48f1ce13d83","5.0","19.0","0.0","24.0"
"157cefb2505bb3d8","1.0","4.0","2.0","7.0"
"157c12f278f684c6","0.0","1.0","0.0","1.0"
"158756e252a9365a","4.0","3.0","0.0","7.0"
"1586a62cfeb1ee3e","2.0","10.0","0.0","12.0"
"15859eb4fdfee251","1.0","3.0","0.0","4.0"
"15802d08c7cfb167","0.0","5.0","1.0","6.0"
"157f8468f2757436","1.0","0.0","0.0","1.0"
"157ce6da5573c84e","0.0","1.0","0.0","1.0"
"157c0fa04e6565f8","1.0","4.0","0.0","5.0"
"157c051ab62d35df","6.0","38.0","3.0","47.0"
"157ba9d3e619db9b","11.0","26.0","3.0","40.0"
"158795e37415fa4d","1.0","2.0","1.0","4.0"
"1586272f479807fc","3.0","3.0","0.0","6.0"
"157f5ef075a42397","1.0","3.0","1.0","5.0"
"157f2c780e185a8f","2.0","0.0","0.0","2.0"
"157e6776fe8384ca","2.0","7.0","1.0","10.0"
"157da8c242e15fc6","3.0","3.0","0.0","6.0"
"157d74216d669394","1.0","8.0","3.0","12.0"
"157d35f21e36a2e2","9.0","9.0","5.0","23.0"
"157cc702460c2185","0.0","1.0","0.0","1.0"
"157c68e27a68fb28","3.0","4.0","0.0","7.0"
"15877660a50d7514","0.0","4.0","0.0","4.0"
"15820b887badbb73","1.0","1.0","1.0","3.0"
"15806a7edc47646f","1.0","30.0","1.0","32.0"
"157e935e14d2d73d","1.0","5.0","3.0","9.0"
"157d299d588f04d4","0.0","1.0","1.0","2.0"
"157cce06ba575f1b","0.0","3.0","0.0","3.0"
"157c6c948cf7335c","0.0","4.0","0.0","4.0"
"157c4c4dac9050b4","1.0","4.0","0.0","5.0"
"157bf2c3431514fd","3.0","5.0","0.0","8.0"
"157bc482e69d6130","2.0","3.0","0.0","5.0"
"158b0ba150b0e3b0","1.0","5.0","1.0","7.0"
"158709597b96e31c","3.0","9.0","1.0","13.0"
"158691ced31026d4","1.0","3.0","1.0","5.0"
"1585902fc76973b3","10.0","2.0","2.0","14.0"
"15852a615bdfef7d","1.0","5.0","2.0","8.0"
"157ffd7166c860c2","2.0","4.0","1.0","7.0"
"157dd75ea4698a76","8.0","11.0","0.0","19.0"
"157d134d983fbb61","3.0","3.0","1.0","7.0"
"157cea43ceb1a957","3.0","13.0","1.0","17.0"
"157c995e95c03b08","1.0","3.0","0.0","4.0"
"157c60a992b2de41","1.0","3.0","3.0","7.0"
"157c437b01778aa6","0.0","6.0","0.0","6.0"
"157c0137710267c2","3.0","21.0","4.0","28.0"
"157bbc460b68a860","2.0","4.0","1.0","7.0"
"157ba2b24c6b2abd","3.0","13.0","0.0","16.0"
"1585944872ea0e4a","0.0","1.0","0.0","1.0"
"157ff8b3346f2d8a","0.0","1.0","0.0","1.0"
"157df074c8dd3e65","1.0","1.0","0.0","2.0"
"157da18d30eaaab8","0.0","1.0","0.0","1.0"
"157d3297d7d251e4","0.0","2.0","0.0","2.0"
"157fe7f643bd13c9","0.0","1.0","0.0","1.0"
"157f8da0ac8b871b","1.0","8.0","0.0","9.0"
"157f7f9ca1be37d4","2.0","4.0","3.0","9.0"
"157be86fcc3559fc","3.0","2.0","0.0","5.0"
"157f9fd756d8ac73","1.0","8.0","1.0","10.0"
"157dfecbf724b5c1","0.0","2.0","0.0","2.0"
"157e89d1242b6789","2.0","5.0","2.0","9.0"
"157e11817698e980","0.0","1.0","0.0","1.0"
"157d09ab86d0f193","1.0","1.0","0.0","2.0"
"157cccb2fa84c8b0","0.0","4.0","0.0","4.0"
"1586f197838a766f","1.0","4.0","0.0","5.0"
"15803e7fbc625a84","0.0","1.0","0.0","1.0"
"157f356f6d51b162","2.0","4.0","1.0","7.0"
"157d3311ca1efb7d","0.0","5.0","1.0","6.0"
"157cc43d7b7504ed","1.0","6.0","1.0","8.0"
"157c7dac9cd5f19a","0.0","1.0","0.0","1.0"
"157c6711eedadca8","3.0","4.0","2.0","9.0"
"157c5bc464882317","2.0","9.0","0.0","11.0"
"157bf83eaa803ad1","1.0","0.0","0.0","1.0"
"1585fd466c38c50a","2.0","3.0","1.0","6.0"
"1584f0d96ea1dd13","1.0","3.0","2.0","6.0"
"157d4f5c12113704","1.0","3.0","2.0","6.0"
"157be24b49bd4520","2.0","3.0","0.0","5.0"
"158c023607efcb90","0.0","3.0","0.0","3.0"
"158bf59a540a215e","7.0","52.0","0.0","59.0"
"158b786dea44743b","2.0","2.0","0.0","4.0"
"158503a6d68c0b1d","3.0","4.0","1.0","8.0"
"15803d4e6177e69a","0.0","4.0","1.0","5.0"
"157c819b6b7f9a38","0.0","0.0","1.0","1.0"
"158def574d27b519","7.0","47.0","0.0","54.0"
"1588d97dd434bd2b","0.0","3.0","4.0","7.0"
"1581de73ced8841c","0.0","1.0","0.0","1.0"
"157e24fcadb527a5","4.0","3.0","1.0","8.0"
"157c9e1f271c753e","0.0","2.0","0.0","2.0"
"157ba767e263d92f","1.0","0.0","0.0","1.0"
"1586e6c463572b14","0.0","0.0","1.0","1.0"
"157f81b1fa59c783","0.0","2.0","0.0","2.0"
"157e26937ca75d31","4.0","3.0","1.0","8.0"
"157d73c0c57fff14","4.0","19.0","6.0","29.0"
"157d475db1400aeb","0.0","1.0","0.0","1.0"
"1587a406acd060ec","1.0","8.0","1.0","10.0"
"15831196c25c7fb3","0.0","2.0","1.0","3.0"
"157e8c5f9bad50e8","14.0","94.0","24.0","132.0"
"157c7046d40e7b6a","0.0","0.0","1.0","1.0"
"157c4f48fed71ea2","2.0","4.0","3.0","9.0"
"157c2f67ef4fea68","0.0","1.0","0.0","1.0"
"157be3ede6e42fb4","1.0","7.0","1.0","9.0"
"157bdc62131f7d3f","0.0","1.0","0.0","1.0"
"1587920f5441dd68","2.0","2.0","0.0","4.0"
"158259ff19aa38de","2.0","6.0","0.0","8.0"
"15809158bf1a8a39","0.0","1.0","0.0","1.0"
"157e1b8a06af12bf","1.0","4.0","0.0","5.0"
"157c19a421b59771","0.0","1.0","0.0","1.0"
"157bdfcb50408f38","0.0","1.0","0.0","1.0"
"157e886a098783f0","4.0","11.0","0.0","15.0"
"157e8575f7b8159f","3.0","18.0","3.0","24.0"
"157e25680ae796e2","5.0","13.0","8.0","26.0"
"157ced39d616e6e8","0.0","2.0","0.0","2.0"
"157c91dc737d423c","3.0","9.0","1.0","13.0"
"157bf78281ac9149","0.0","1.0","0.0","1.0"
"157bf58903d054d2","0.0","1.0","0.0","1.0"
"158689c4c222c9b7","7.0","7.0","1.0","15.0"
"15859989cfb8301e","3.0","3.0","1.0","7.0"
"157e2d88ea54a862","31.0","262.0","23.0","316.0"
"157d050f7e4d9f75","0.0","1.0","0.0","1.0"
"157ce116bc91e2f2","1.0","1.0","1.0","3.0"
"157cb3ec50e29b01","3.0","5.0","0.0","8.0"
"157c23ebc6af97ad","2.0","3.0","0.0","5.0"
"157bb80add135977","0.0","12.0","3.0","15.0"
"158b0b54c6b1c878","3.0","4.0","1.0","8.0"
"158555a6f389a701","2.0","3.0","0.0","5.0"
"1580b242cafb51ac","0.0","6.0","3.0","9.0"
"157cdd4c5bdaf778","0.0","8.0","1.0","9.0"
"157c44465f978f1b","2.0","3.0","3.0","8.0"
"157c3a8912a29d09","0.0","1.0","0.0","1.0"
"157dd24998d9eb4b","0.0","1.0","1.0","2.0"
"157cef59caa05474","0.0","1.0","0.0","1.0"
"157c7ffcd7578d3b","1.0","6.0","0.0","7.0"
"157c78b1646fdfbf","0.0","1.0","0.0","1.0"
"157c69514932f8f3","6.0","5.0","4.0","15.0"
"157c643af5bf9582","6.0","10.0","1.0","17.0"
"1585af44b347c298","3.0","1.0","0.0","4.0"
"157df947f92d6484","0.0","17.0","2.0","19.0"
"157ca67d2905bf64","0.0","1.0","0.0","1.0"
"157c36640cd48541","5.0","9.0","2.0","16.0"
"157c12cb9ab299b0","3.0","9.0","2.0","14.0"
"157c0e57cd3a2036","4.0","14.0","3.0","21.0"
"1585c0094e9c04e6","1.0","2.0","0.0","3.0"
"15858a4df72c6950","3.0","3.0","2.0","8.0"
"1581e0e9057d2e3b","1.0","9.0","0.0","10.0"
"157e21ea795f46a6","1.0","12.0","3.0","16.0"
"157d439f2d07c88c","0.0","3.0","0.0","3.0"
"158049bd55ed029a","8.0","25.0","8.0","41.0"
"157ca1eb2394fa94","0.0","3.0","1.0","4.0"
"157beda6118ddcdb","5.0","23.0","2.0","30.0"
"158db215c425a7e0","1.0","7.0","1.0","9.0"
"158ac0c638bde439","0.0","4.0","1.0","5.0"
"15853a5e1376e0f4","4.0","2.0","0.0","6.0"
"1584df9e34f07f97","2.0","6.0","1.0","9.0"
"157e1bd3ffe05bbd","1.0","5.0","0.0","6.0"
"157d448b078ba0dc","1.0","2.0","1.0","4.0"
"157c9ef91ea368a0","0.0","5.0","3.0","8.0"
"157c5145dbe7997b","0.0","5.0","1.0","6.0"
"157c482d25903e63","1.0","3.0","0.0","4.0"
"157c2f4266e1e605","1.0","2.0","0.0","3.0"
"158843091d7e15b3","2.0","11.0","1.0","14.0"
"15863bb530646bd3","4.0","14.0","2.0","20.0"
"158456523ee7baeb","2.0","5.0","3.0","10.0"
"158058c80f344def","1.0","7.0","2.0","10.0"
"15801e5624cbc1f9","1.0","2.0","1.0","4.0"
"157faa20fe722dbf","0.0","1.0","0.0","1.0"
"157e44afe1406907","1.0","5.0","0.0","6.0"
"157d3820b81b1aca","2.0","8.0","3.0","13.0"
"157cc1b0997acfe7","0.0","0.0","1.0","1.0"
"157c6bfdb730396d","4.0","9.0","2.0","15.0"
"157c1d885ee362d1","0.0","6.0","0.0","6.0"
"157bb53bd3fc4ff6","1.0","4.0","1.0","6.0"
"157ba6e9ccb0c7ed","2.0","5.0","0.0","7.0"
"158bbb3bf578f841","1.0","2.0","0.0","3.0"
"15849f1b9ddecca3","0.0","5.0","2.0","7.0"
"15837ae6c8b7e22c","3.0","8.0","0.0","11.0"
"157d27b98c51af65","2.0","5.0","0.0","7.0"
"157c13e761cf890b","0.0","5.0","1.0","6.0"
"1584b41e95569f1a","2.0","2.0","0.0","4.0"
"157df5ac56e4dde9","1.0","2.0","0.0","3.0"
"157d2bb568c4c934","1.0","6.0","1.0","8.0"
"157ce1bb14760461","0.0","2.0","0.0","2.0"
"157bcb9a4bbcb438","2.0","3.0","1.0","6.0"
"157bac2a3f115df6","2.0","5.0","1.0","8.0"
"158cf959aa442a89","3.0","66.0","1.0","70.0"
"158977838432dff6","1.0","7.0","2.0","10.0"
"157f2b60efdac549","0.0","1.0","0.0","1.0"
"157dcb33e02da654","2.0","5.0","3.0","10.0"
"157d131b1315e66c","1.0","8.0","2.0","11.0"
"157ce787492e6f91","0.0","1.0","0.0","1.0"
"157ba6a7b981a8d6","3.0","11.0","2.0","16.0"
"158d11e985e2380d","0.0","1.0","0.0","1.0"
"158a5eb1701bdab1","2.0","3.0","0.0","5.0"
"15867510e9e9d994","0.0","1.0","0.0","1.0"
"158496a81ab3831c","2.0","4.0","2.0","8.0"
"1580b998f7abe80b","2.0","2.0","1.0","5.0"
"157f61207ce10fcd","3.0","3.0","0.0","6.0"
"157da6e131bf981e","0.0","1.0","0.0","1.0"
"157d66619cfc0e77","12.0","18.0","11.0","41.0"
"157ce6ef50116dc9","0.0","0.0","2.0","2.0"
"157c44b44d12c3a8","1.0","10.0","2.0","13.0"
"157c37e2f872c245","3.0","15.0","1.0","19.0"
"158869e2e890a52b","1.0","0.0","0.0","1.0"
"1584b7c62b07a747","1.0","7.0","0.0","8.0"
"1584593d8ded0f64","3.0","30.0","5.0","38.0"
"1581a7644dd48db5","1.0","2.0","0.0","3.0"
"157fb678c7148d93","5.0","26.0","3.0","34.0"
"157f938e5e72341a","0.0","1.0","0.0","1.0"
"157c0ef3a4fc1aea","1.0","12.0","1.0","14.0"
"157bb28eb24c8efb","1.0","4.0","0.0","5.0"
"158e9bd893f0a44b","6.0","22.0","1.0","29.0"
"158ba9aa520e2324","1.0","2.0","1.0","4.0"
"1585385909935875","0.0","2.0","0.0","2.0"
"157e9136533342fe","2.0","6.0","0.0","8.0"
"157e5dc1e405d169","9.0","15.0","8.0","32.0"
"157ce817245fdd18","1.0","0.0","0.0","1.0"
"157ce6fe1b4ce8ad","0.0","2.0","0.0","2.0"
"157cc3bcd95acaae","0.0","4.0","1.0","5.0"
"157c570d9b333787","2.0","7.0","1.0","10.0"
"1584d88acf806348","1.0","15.0","1.0","17.0"
"1580e8afab86fedf","0.0","1.0","0.0","1.0"
"157ce46a4211d263","0.0","2.0","0.0","2.0"
"157c11fed8b456de","0.0","4.0","0.0","4.0"
"157bfc0a5e73bb48","0.0","2.0","0.0","2.0"
"1587b5195229d61e","1.0","4.0","0.0","5.0"
"158718a5a8d6c08f","1.0","2.0","1.0","4.0"
"1585c038165a228e","1.0","6.0","1.0","8.0"
"15858f3975055817","1.0","4.0","1.0","6.0"
"157ee0d58c9a3399","4.0","14.0","1.0","19.0"
"157d93166f25e6e7","0.0","3.0","1.0","4.0"
"158bb61bc85f6cc2","2.0","2.0","0.0","4.0"
"1588bf1f2faa2ddb","10.0","9.0","3.0","22.0"
"158574492177289e","1.0","4.0","0.0","5.0"
"1584e6197af5cf2d","2.0","5.0","0.0","7.0"
"1584ac4a852636c5","1.0","0.0","2.0","3.0"
"15845956d064d333","4.0","8.0","1.0","13.0"
"157cdc5929e1ea5e","1.0","7.0","0.0","8.0"
"157c9073e3c69fc9","1.0","2.0","0.0","3.0"
"157bb3566e971c45","0.0","2.0","1.0","3.0"
"158aae6a7869a7cd","2.0","2.0","1.0","5.0"
"1580909ed8972c8e","0.0","1.0","0.0","1.0"
"157ef9d75b3affc0","0.0","1.0","0.0","1.0"
"157de9596e525953","0.0","2.0","1.0","3.0"
"157d1739faba81dd","3.0","11.0","0.0","14.0"
"157cfad2e4a28486","0.0","4.0","0.0","4.0"
"157cdaac9e9727a7","1.0","9.0","1.0","11.0"
"157c76259ebf595d","1.0","2.0","0.0","3.0"
"157bc7559b4e31ae","3.0","5.0","0.0","8.0"
"1589c607b0b404b6","1.0","2.0","1.0","4.0"
"1585449ae6dfbd4e","1.0","5.0","0.0","6.0"
"1584c30ba82b66f7","3.0","13.0","0.0","16.0"
"157e1790dbe2ebb5","1.0","7.0","1.0","9.0"
"157dfcc2d2d8cbc6","4.0","4.0","1.0","9.0"
"157d8085af620311","0.0","1.0","0.0","1.0"
"157ba4c31f5a25b2","2.0","5.0","1.0","8.0"
"158924f542a45f88","0.0","3.0","0.0","3.0"
"15851d07c441c9d2","3.0","7.0","1.0","11.0"
"158485ad95239980","2.0","5.0","2.0","9.0"
"157e39b6728ab8fc","6.0","5.0","5.0","16.0"
"157d1c9145fb52d5","23.0","26.0","3.0","52.0"
"157d1428b2207aeb","1.0","1.0","1.0","3.0"
"157c5313d34db0a1","0.0","2.0","0.0","2.0"
"157c03043492c9b0","1.0","5.0","0.0","6.0"
"1586c4c711542d8c","1.0","3.0","1.0","5.0"
"15859f26c09c1350","1.0","5.0","0.0","6.0"
"1585844845d29fe5","3.0","3.0","0.0","6.0"
"1584fa87af95eb66","2.0","12.0","0.0","14.0"
"157f522198820197","0.0","7.0","0.0","7.0"
"157d38e125fc5692","0.0","1.0","3.0","4.0"
"157cdcaf576a264d","1.0","4.0","0.0","5.0"
"157bd5a438ee9796","0.0","2.0","0.0","2.0"
"1584d414edb689fe","3.0","4.0","0.0","7.0"
"158463a2a9a3a7e9","1.0","5.0","0.0","6.0"
"157f9c21c58574fa","0.0","1.0","0.0","1.0"
"157e788f5ab8d584","1.0","0.0","0.0","1.0"
"157e597911737a08","1.0","4.0","0.0","5.0"
"157debf2398bcff4","1.0","3.0","2.0","6.0"
"157da18c0595fd19","1.0","7.0","5.0","13.0"
"157ceba6e61c1dbe","1.0","8.0","1.0","10.0"
"157c6c2a310dc0a3","2.0","5.0","3.0","10.0"
"157bbde5f844189b","1.0","5.0","0.0","6.0"
"157b9ae5ea2469b8","2.0","11.0","0.0","13.0"
"158bd280495eba3f","3.0","7.0","2.0","12.0"
"1585f41c66aed68f","2.0","5.0","1.0","8.0"
"157ca29e11a17c2f","0.0","1.0","0.0","1.0"
"157c5a7ee3b9d85f","1.0","1.0","0.0","2.0"
"157c35d301a627f9","2.0","1.0","1.0","4.0"
"157c04d095c512c4","2.0","2.0","0.0","4.0"
"158658e392909687","1.0","1.0","1.0","3.0"
"1580a6a5276be8cf","6.0","19.0","6.0","31.0"
"157fc023df59f008","2.0","3.0","0.0","5.0"
"157f8736ffec377d","1.0","3.0","0.0","4.0"
"157e3bd299c327fc","0.0","0.0","1.0","1.0"
"157cda27cee0100a","1.0","2.0","0.0","3.0"
"157cbaeb53af8540","6.0","4.0","0.0","10.0"
"1586c64119881947","1.0","6.0","0.0","7.0"
"1584f28ced14fe2c","7.0","18.0","0.0","25.0"
"1584e8989ed8f342","1.0","4.0","0.0","5.0"
"1584a24d622f1f05","1.0","6.0","1.0","8.0"
"15812b86f1a62165","0.0","5.0","0.0","5.0"
"1581117bc8c62fc2","7.0","8.0","1.0","16.0"
"158015695b098ce7","17.0","29.0","7.0","53.0"
"157d9e25c6a887f6","1.0","1.0","1.0","3.0"
"157c3efd6391f05a","2.0","21.0","5.0","28.0"
"1586845e1c80a488","3.0","7.0","1.0","11.0"
"158623539e543c79","1.0","3.0","0.0","4.0"
"1584d07041c49540","2.0","5.0","1.0","8.0"
"15849f6298ad184b","1.0","3.0","1.0","5.0"
"157d758452c9e34c","1.0","4.0","0.0","5.0"
"157c63744ec339d7","0.0","5.0","0.0","5.0"
"158baa5b6bd1aec9","2.0","4.0","0.0","6.0"
"1588165cd5504b01","1.0","2.0","0.0","3.0"
"1586e650b964a9bd","1.0","2.0","0.0","3.0"
"1585ac694ada8bd6","2.0","4.0","0.0","6.0"
"157f79102fd6843c","2.0","0.0","1.0","3.0"
"157dae29de0b303f","0.0","1.0","0.0","1.0"
"157d9321a1b3505f","0.0","1.0","0.0","1.0"
"157d9137613b29d7","1.0","0.0","0.0","1.0"
"157d061271a35233","2.0","8.0","0.0","10.0"
"157c6a657b298e7a","2.0","1.0","1.0","4.0"
"157c63a4008fa986","1.0","0.0","1.0","2.0"
"157c4f9eb7c30028","0.0","0.0","1.0","1.0"
"157c46f71e4652de","11.0","2.0","2.0","15.0"
"158d0659bb95b5c1","5.0","42.0","4.0","51.0"
"15893c45d47797eb","2.0","0.0","2.0","4.0"
"158622049cc3392c","1.0","0.0","0.0","1.0"
"1585ed0d28bdd605","1.0","3.0","1.0","5.0"
"157ce51479ca06da","1.0","4.0","0.0","5.0"
"157c2a6950637c51","1.0","7.0","1.0","9.0"
"157c217b85ea801c","2.0","3.0","0.0","5.0"
"157c0871616c11e5","2.0","8.0","1.0","11.0"
"157be3655e15bc38","2.0","5.0","2.0","9.0"
"157ba7bbfdbfa843","1.0","16.0","6.0","23.0"
"158d149276df0f1f","1.0","12.0","0.0","13.0"
"157f805e3d50e5e9","1.0","1.0","3.0","5.0"
"157e5300b6bd2d35","1.0","2.0","1.0","4.0"
"157d1ecdc0405fde","0.0","6.0","1.0","7.0"
"157c912857a528f6","3.0","6.0","1.0","10.0"
"1584ec126ec5c520","1.0","9.0","1.0","11.0"
"1584901a1a9d093c","1.0","2.0","0.0","3.0"
"1584584c52def1bf","1.0","3.0","1.0","5.0"
"15840cfbf22a25d3","2.0","4.0","1.0","7.0"
"1582b7765729dce5","2.0","4.0","2.0","8.0"
"157d5eac6cb9ee18","1.0","2.0","0.0","3.0"
"157d0ebc60ad4e94","0.0","2.0","0.0","2.0"
"157c8b2af76bb27d","1.0","2.0","1.0","4.0"
"157c7d5055b55060","0.0","1.0","1.0","2.0"
"157c72e7ff4acd70","2.0","3.0","0.0","5.0"
"15896c1058e8d29f","2.0","48.0","4.0","54.0"
"157def4b03e9d49e","0.0","2.0","0.0","2.0"
"157d861e7ab316cc","26.0","28.0","2.0","56.0"
"1587d46273d91860","1.0","2.0","0.0","3.0"
"157e20128f82bd1b","3.0","18.0","4.0","25.0"
"157d74dad67b0c99","2.0","7.0","1.0","10.0"
"157c868bb68e8348","4.0","11.0","2.0","17.0"
"157beac5c648cecb","1.0","6.0","1.0","8.0"
"1589e1970893901e","0.0","11.0","3.0","14.0"
"1583acf3b020ebbb","1.0","8.0","2.0","11.0"
"157d9adbaf33e9be","0.0","1.0","0.0","1.0"
"157c31541183648c","1.0","1.0","0.0","2.0"
"157bf7767215e685","0.0","1.0","0.0","1.0"
"158e9bc55b539d10","3.0","13.0","1.0","17.0"
"158991942e8e47b7","1.0","1.0","0.0","2.0"
"1584dc5224b70780","6.0","7.0","1.0","14.0"
"157c8dd7a761d8c4","1.0","3.0","1.0","5.0"
"157bab82fed17c35","0.0","5.0","0.0","5.0"
"158ac26e094aada5","4.0","17.0","4.0","25.0"
"15879ca39cea38cb","3.0","32.0","7.0","42.0"
"157c83fff048e1ff","0.0","1.0","0.0","1.0"
"157c581b93d1e5c9","7.0","7.0","6.0","20.0"
"157c1d63178a0c01","2.0","2.0","1.0","5.0"
"1586905882cd2842","3.0","8.0","1.0","12.0"
"1582ae3f60531347","0.0","4.0","2.0","6.0"
"157e51e627ddb3ee","0.0","1.0","0.0","1.0"
"157d17627d08f1bd","0.0","1.0","0.0","1.0"
"157c5f0f373ddb99","0.0","0.0","1.0","1.0"
"157c3cc860fd2c3a","1.0","2.0","0.0","3.0"
"157be91d6b05fdd3","1.0","4.0","2.0","7.0"
"15890ea79474d4c1","3.0","19.0","1.0","23.0"
"157f4a5006d5de75","0.0","1.0","0.0","1.0"
"157dbdd66ee903d7","0.0","2.0","0.0","2.0"
"15855187b77b5b2f","2.0","3.0","1.0","6.0"
"157f8ddd9aa50684","1.0","6.0","0.0","7.0"
"158dc68a2a427ca7","10.0","15.0","3.0","28.0"
"1585d4deb62df158","1.0","0.0","0.0","1.0"
"15848ee06c681e5b","4.0","22.0","1.0","27.0"
"15829be15aebcb56","1.0","6.0","0.0","7.0"
"15819a9a8a587c22","2.0","4.0","2.0","8.0"
"157e4f5465ab544d","5.0","23.0","2.0","30.0"
"157c44ec4d56904d","3.0","12.0","5.0","20.0"
"157c4010044561e3","0.0","1.0","0.0","1.0"
"157bf7700215987c","0.0","1.0","0.0","1.0"
"157bf2d0ba8a39ab","3.0","2.0","0.0","5.0"
"15856a90fc4329c4","1.0","4.0","3.0","8.0"
"15854bec814e95bf","1.0","21.0","0.0","22.0"
"157d827835ecde8b","1.0","2.0","5.0","8.0"
"157c584e4337e7e2","0.0","5.0","1.0","6.0"
"157c4823937ec13e","2.0","13.0","2.0","17.0"
"1586e5be821c6c0e","1.0","1.0","0.0","2.0"
"15803e080f89eab5","2.0","10.0","1.0","13.0"
"157ffa0b2925c211","0.0","1.0","0.0","1.0"
"157e2d70e739216a","3.0","2.0","1.0","6.0"
"157c2e3952f1bc8e","1.0","3.0","0.0","4.0"
"157c109c249a7e67","2.0","3.0","0.0","5.0"
"1587d50d3f0ac306","1.0","4.0","1.0","6.0"
"1581f414f1fff59e","0.0","4.0","2.0","6.0"
"157bf3a85c23e816","2.0","5.0","0.0","7.0"
"157fd42ed41c754f","0.0","3.0","1.0","4.0"
"157d13220f49bb99","1.0","1.0","0.0","2.0"
"157c29845ab23438","2.0","1.0","1.0","4.0"
"157bfe00c692d4c4","2.0","4.0","1.0","7.0"
"157bde2a2b75afad","2.0","4.0","3.0","9.0"
"157b9980908d4952","1.0","8.0","0.0","9.0"
"1584d9c06b19bc8a","3.0","36.0","3.0","42.0"
"15846a56364810b5","0.0","6.0","0.0","6.0"
"157ecdb026ea3ae7","2.0","2.0","0.0","4.0"
"157d1d560c6c18a6","0.0","5.0","0.0","5.0"
"157c648cc87f830c","8.0","12.0","1.0","21.0"
"157c1c2acb9c717a","1.0","3.0","2.0","6.0"
"1587599248cb7cbe","3.0","45.0","5.0","53.0"
"1586d75ae5b678dc","2.0","3.0","1.0","6.0"
"15858e28f327bbd3","0.0","1.0","0.0","1.0"
"1585080827df9f4a","1.0","8.0","1.0","10.0"
"157dfe4c16ae2bcf","5.0","5.0","1.0","11.0"
"157bf9c333cb3989","0.0","1.0","0.0","1.0"
"157bec00209c5d2d","5.0","20.0","3.0","28.0"
"1584f01cbf90920e","1.0","0.0","0.0","1.0"
"15847a172b9debca","1.0","4.0","0.0","5.0"
"1582c6097deb1682","1.0","1.0","0.0","2.0"
"157de993dc133293","3.0","17.0","5.0","25.0"
"157c482d01e97c8d","1.0","5.0","0.0","6.0"
"157bfa176b3e2194","1.0","1.0","2.0","4.0"
"157bd5867d8c99a0","1.0","3.0","1.0","5.0"
"15849d0455a589bb","2.0","3.0","1.0","6.0"
"157cf485623fe9d8","1.0","1.0","0.0","2.0"
"157cc5a2cf1bd26c","0.0","8.0","1.0","9.0"
"157be803926a37e0","0.0","5.0","1.0","6.0"
"158593649ff30c14","1.0","2.0","0.0","3.0"
"157f6843f874a5f9","1.0","5.0","0.0","6.0"
"158594b8286e1a21","0.0","1.0","0.0","1.0"
"1585110f3ad5d7e7","0.0","3.0","0.0","3.0"
"1584693c4fdfd4d6","1.0","7.0","1.0","9.0"
"15846765f2a82645","6.0","25.0","8.0","39.0"
"157fc91199e7e3c1","2.0","3.0","0.0","5.0"
"157dfcbf9f64271c","1.0","1.0","0.0","2.0"
"157d1dfd18c77baa","2.0","7.0","1.0","10.0"
"157bb3a0a8e7a311","1.0","7.0","1.0","9.0"
"158840ef61e40020","1.0","5.0","1.0","7.0"
"158569e410ffe49e","3.0","11.0","1.0","15.0"
"1584f9ebe77b4523","1.0","1.0","0.0","2.0"
"1584b205ea273607","3.0","2.0","0.0","5.0"
"157f07be4601482f","1.0","8.0","2.0","11.0"
"157ede9e1fe14d27","2.0","7.0","0.0","9.0"
"157e418853cc8662","2.0","5.0","2.0","9.0"
"157e40a152dd3a8e","0.0","6.0","2.0","8.0"
"157ce75b51f3b822","0.0","1.0","0.0","1.0"
"157c8a64db200180","1.0","0.0","0.0","1.0"
"157b9ff9139c0c5b","2.0","4.0","2.0","8.0"
"15869a68e661fce3","2.0","2.0","0.0","4.0"
"15851522ba296dfa","3.0","4.0","0.0","7.0"
"15846b3c77f84782","1.0","5.0","4.0","10.0"
"158143e5a95f81ca","0.0","1.0","0.0","1.0"
"157f60cb48a124e5","1.0","5.0","2.0","8.0"
"157e6a9984104298","1.0","4.0","0.0","5.0"
"157d11f9ab68d2c5","1.0","4.0","0.0","5.0"
"157be0c4214e6532","4.0","6.0","2.0","12.0"
"158caad06106a998","1.0","2.0","0.0","3.0"
"158bd015661545d3","0.0","1.0","0.0","1.0"
"158b0c06636afdfe","2.0","4.0","0.0","6.0"
"1584b0e8bb6ced0c","1.0","5.0","0.0","6.0"
"1584515d5c2e5426","1.0","1.0","1.0","3.0"
"157e2b824de57da1","3.0","5.0","0.0","8.0"
"157e2b2100d94d4c","2.0","0.0","0.0","2.0"
"157cb3351ba6b7a5","0.0","0.0","1.0","1.0"
"157cac6f06c8e4a8","1.0","2.0","0.0","3.0"
"157c9338c60b1cda","1.0","0.0","0.0","1.0"
"158db393073bba60","2.0","2.0","0.0","4.0"
"1585f9ee1dc0a714","2.0","2.0","1.0","5.0"
"1585438db25009f0","3.0","2.0","0.0","5.0"
"1580011c4b6b38ba","0.0","6.0","1.0","7.0"
"157f20239c3dc4b0","1.0","3.0","0.0","4.0"
"157eb520ea345395","7.0","13.0","1.0","21.0"
"157bf5d7d1b38ee8","0.0","6.0","0.0","6.0"
"157bebdff1dd7118","0.0","3.0","0.0","3.0"
"157ba67b21cfcb68","3.0","7.0","2.0","12.0"
"1589914731d6c290","1.0","1.0","0.0","2.0"
"158540d496abeccd","5.0","5.0","1.0","11.0"
"15853410f7898a63","8.0","2.0","3.0","13.0"
"15850c7d682dcdc0","1.0","3.0","1.0","5.0"
"1584dcb3c47ebb8e","4.0","4.0","0.0","8.0"
"1584bb3655e04b73","0.0","2.0","1.0","3.0"
"1582356d116b522f","1.0","0.0","0.0","1.0"
"158148985f690b4e","0.0","3.0","1.0","4.0"
"157e8b7f1155d8f3","0.0","1.0","1.0","2.0"
"157ca87bf038de2c","0.0","4.0","0.0","4.0"
"157c3623c2536560","2.0","3.0","2.0","7.0"
"157c23e45f713e89","1.0","1.0","1.0","3.0"
"157c07e29029d71d","4.0","8.0","0.0","12.0"
"157ba4784688a999","1.0","5.0","0.0","6.0"
"158c15812e28ff42","1.0","3.0","1.0","5.0"
"1583ffaf53f9a1da","11.0","23.0","8.0","42.0"
"1581a75390fc5683","0.0","1.0","0.0","1.0"
"158183334be9b428","1.0","2.0","2.0","5.0"
"157ebb08d28b0d9d","4.0","4.0","3.0","11.0"
"157dca63abe9339e","4.0","7.0","0.0","11.0"
"157d7973ef18402b","1.0","2.0","0.0","3.0"
"157d3afa1218d55e","2.0","3.0","0.0","5.0"
"157cfe7944ce7f72","1.0","8.0","1.0","10.0"
"157c405e2fe54976","0.0","14.0","0.0","14.0"
"157c33cb9cf23e79","1.0","4.0","1.0","6.0"
"1585a4968911bfea","2.0","1.0","0.0","3.0"
"1584e29e10b0d626","3.0","14.0","2.0","19.0"
"157ce750f13d9854","0.0","2.0","0.0","2.0"
"158e4c8300b4996b","0.0","13.0","0.0","13.0"
"1588141f983058b0","1.0","2.0","0.0","3.0"
"1583df295d74c8a6","1.0","4.0","0.0","5.0"
"157fe5604ab5ab1d","1.0","5.0","4.0","10.0"
"157fa90fcbe21d2c","1.0","4.0","1.0","6.0"
"157dc853fc0e512f","1.0","0.0","0.0","1.0"
"157c41ce4c264ba0","0.0","1.0","0.0","1.0"
"157c30a0b4cef57c","3.0","4.0","0.0","7.0"
"157c1ab3d74ec102","1.0","2.0","1.0","4.0"
"158c30c9425625ae","10.0","35.0","5.0","50.0"
"158bf2436ba86d67","1.0","2.0","0.0","3.0"
"158a7609ecbc91f0","2.0","6.0","0.0","8.0"
"158507d28d7dd888","4.0","7.0","1.0","12.0"
"157e8e8c3b50d7b8","1.0","30.0","3.0","34.0"
"157dccf2b0f6200b","1.0","6.0","0.0","7.0"
"157d3d7c0573bee6","0.0","9.0","1.0","10.0"
"157c4ddd4a347d0c","1.0","6.0","1.0","8.0"
"157c09e3461135d9","4.0","6.0","0.0","10.0"
"157beba2cbe0384f","0.0","1.0","0.0","1.0"
